{
    "ticker": "BNB",
    "timestamp": "2025-11-28T14:52:25.014008",
    "market_data": {
        "mid_price": 896.95,
        "sigma": 0.020801951309936884,
        "A": 0.3342483344785993,
        "k": 3.821902187712901,
        "garch_sigma": NaN,
        "rolling_sigma": 0.020801951309936884
    },
    "optimal_parameters": {
        "gamma": 0.5,
        "time_horizon_days": 0.041666666666666664
    },
    "current_state": {
        "inventory": 1,
        "minutes_window": 5,
        "ma_window": 3
    },
    "calculated_values": {
        "reservation_price": 896.9499909849754,
        "gap": 9.015024602376798e-06
    },
    "limit_orders": {
        "ask_price": 897.1958812234515,
        "bid_price": 896.7040827164502,
        "delta_a": 0.24589023847599448,
        "delta_b": 0.24590826852519923,
        "delta_a_percent": 0.027414040746529287,
        "delta_b_percent": 0.027416050897508135
    }
}