{
    "ticker": "BNB",
    "timestamp": "2025-11-28T13:15:52.691763",
    "market_data": {
        "mid_price": 891.55,
        "sigma": 0.012874350624274658,
        "A": 0.22292737520477732,
        "k": 1.4749838031157367,
        "garch_sigma": NaN,
        "rolling_sigma": 0.012874350624274658
    },
    "optimal_parameters": {
        "gamma": 0.5,
        "time_horizon_days": 0.041666666666666664
    },
    "current_state": {
        "inventory": 1,
        "minutes_window": 5,
        "ma_window": 3
    },
    "calculated_values": {
        "reservation_price": 891.5499965468978,
        "gap": 3.4531021810835227e-06
    },
    "limit_orders": {
        "ask_price": 892.1338211974914,
        "bid_price": 890.9661649900997,
        "delta_a": 0.5838246505936846,
        "delta_b": 0.5838315567980468,
        "delta_a_percent": 0.06548422977888897,
        "delta_b_percent": 0.06548500440783431
    }
}