{
    "ticker": "BNB",
    "timestamp": "2025-11-29T17:39:08.354549",
    "market_data": {
        "mid_price": 880.55,
        "sigma": 0.008616012528476475,
        "A_buy": 0.02234476607955317,
        "k_buy": 9.574078079452521,
        "A_sell": 0.031981520751473654,
        "k_sell": 13.706138341656809,
        "garch_sigma": 0.008616012528476475,
        "rolling_sigma": 0.007288310890988116
    },
    "optimal_parameters": {
        "gamma": 0.05,
        "time_horizon_days": 0.049479166666666664
    },
    "current_state": {
        "inventory": 0,
        "minutes_window": 5,
        "ma_window": 6
    },
    "calculated_values": {
        "reservation_price": 880.55,
        "gap": 0.0
    },
    "limit_orders": {
        "ask_price": 880.7253774112771,
        "bid_price": 880.4059722409905,
        "delta_a": 0.17537741127716827,
        "delta_b": 0.14402775900945863,
        "delta_a_percent": 0.01991680327944674,
        "delta_b_percent": 0.016356567941565914
    },
    "backtest_performance": {
        "avg_pnl": 240710.69112559827,
        "total_buys": 0,
        "total_sells": 548,
        "avg_buys_per_period": 0.0,
        "avg_sells_per_period": 91.33333333333333,
        "total_trades": 548
    }
}